<?xml version="1.0" encoding="utf-8" standalone="yes"?>
<rss version="2.0" xmlns:atom="http://www.w3.org/2005/Atom" xmlns:content="http://purl.org/rss/1.0/modules/content/">
  <channel>
    <title>Posts on BiggBlog</title>
    <link>https://blog.biggelaar.it/posts/</link>
    <description>Recent content in Posts on BiggBlog</description>
    <generator>Hugo -- 0.140.2</generator>
    <language>en-us</language>
    <lastBuildDate>Fri, 17 Jan 2025 00:00:00 +0000</lastBuildDate>
    <atom:link href="https://blog.biggelaar.it/posts/index.xml" rel="self" type="application/rss+xml" />
    <item>
      <title>This is my first blog (Blog-pipeline)</title>
      <link>https://blog.biggelaar.it/posts/this-is-my-first-blog-blog-pipeline/</link>
      <pubDate>Fri, 17 Jan 2025 00:00:00 +0000</pubDate>
      <guid>https://blog.biggelaar.it/posts/this-is-my-first-blog-blog-pipeline/</guid>
      <description>&lt;h2 id=&#34;u-introduction-u-speech_balloon&#34;&gt;&lt;!-- raw HTML omitted --&gt; Introduction &lt;!-- raw HTML omitted --&gt; &amp;#x1f4ac;&lt;/h2&gt;
&lt;p&gt;Last November, NetworkChuck dropped an &lt;a href=&#34;https://youtu.be/dnE7c0ELEH8?si=0KOi9RjaDTtLycFK&#34;&gt;inspiring video&lt;/a&gt; that got my gears turning. &amp;#x1f4a1; Fast forward to 2025, and I’ve set myself an epic challenge: every month this year, I’m diving into something new in the world of IT.&lt;/p&gt;
&lt;p&gt;For January, I’m kicking things off by following Chuck’s video step by step, and I can’t wait to share what I learn. Stay tuned, because each month, a fresh blog post will drop with my latest tech adventures. Let’s make 2025 a year of leveling up together! &amp;#x1f680; &amp;#x1f468;&amp;zwj;&amp;#x1f393;&lt;/p&gt;</description>
    </item>
  </channel>
</rss>
