<?xml version="1.0" encoding="utf-8" standalone="yes"?>
<rss version="2.0" xmlns:atom="http://www.w3.org/2005/Atom" xmlns:content="http://purl.org/rss/1.0/modules/content/">
  <channel>
    <title>Tags on BiggBlog</title>
    <link>https://blog.biggelaar.it/tags/</link>
    <description>Recent content in Tags on BiggBlog</description>
    <generator>Hugo -- 0.140.2</generator>
    <language>en-us</language>
    <lastBuildDate>Fri, 17 Jan 2025 00:00:00 +0000</lastBuildDate>
    <atom:link href="https://blog.biggelaar.it/tags/index.xml" rel="self" type="application/rss+xml" />
    <item>
      <title>Github</title>
      <link>https://blog.biggelaar.it/tags/github/</link>
      <pubDate>Fri, 17 Jan 2025 00:00:00 +0000</pubDate>
      <guid>https://blog.biggelaar.it/tags/github/</guid>
      <description></description>
    </item>
    <item>
      <title>Hosting</title>
      <link>https://blog.biggelaar.it/tags/hosting/</link>
      <pubDate>Fri, 17 Jan 2025 00:00:00 +0000</pubDate>
      <guid>https://blog.biggelaar.it/tags/hosting/</guid>
      <description></description>
    </item>
    <item>
      <title>Hugo</title>
      <link>https://blog.biggelaar.it/tags/hugo/</link>
      <pubDate>Fri, 17 Jan 2025 00:00:00 +0000</pubDate>
      <guid>https://blog.biggelaar.it/tags/hugo/</guid>
      <description></description>
    </item>
    <item>
      <title>Obsidian</title>
      <link>https://blog.biggelaar.it/tags/obsidian/</link>
      <pubDate>Fri, 17 Jan 2025 00:00:00 +0000</pubDate>
      <guid>https://blog.biggelaar.it/tags/obsidian/</guid>
      <description></description>
    </item>
    <item>
      <title>Tech</title>
      <link>https://blog.biggelaar.it/tags/tech/</link>
      <pubDate>Fri, 17 Jan 2025 00:00:00 +0000</pubDate>
      <guid>https://blog.biggelaar.it/tags/tech/</guid>
      <description></description>
    </item>
  </channel>
</rss>
